Dataset size,Ratio
100,2.046384542389618
10000,0.01955981414032601
1000000,1.9887024136090744E-4
