Dataset size,Ratio
100,0.20784689980903545
10000,0.19724719598121204
1000000,0.20017633275756547
