Dataset size,Ratio
100,1.9174070035843644
1000,0.20006732735368538
10000,0.019889222265710143
1000000,1.9955596997910363E-4
