Dataset size,Ratio
100,0.19424458434597736
10000,0.20406372873712353
1000000,0.2000643923476393
