Dataset size,Ratio
100,2.004444794019065
1000,0.20237276526756293
10000,0.01922971767256368
1000000,1.962904404896495E-4
