Dataset size,Ratio
100,2.0347183095179053
10000,0.019933491049227165
1000000,1.937975494345952E-4
